Type,Genus,Tube_colour,Botanical_name,Common_name,Rain,ph,min_height,max_height,min_width,max_width,Soil,Flower_Season,Flower_Colour,Frost_level,Scientific_Name,Fire_resistant,Plant_id,Img_src
Trees and Shrubs,Acacia,Black,acinacea,Round-leaved wattle,300,ANC,1,2,1,2,Sandy/Loam/Clay,Winter/Spring,Yellow,Resistant,Acacia acinacea,Sensitive,p1,https://upload.wikimedia.org/wikipedia/commons/e/ee/Acacia_acinacea_01.jpg
Trees and Shrubs,Acacia,Black,argyrophylla,Golden-grey mulga,350,ANC,1,5,2,6,Sandy/Loam/Limestone,Winter/Spring,Yellow,Resistant,Acacia argyrophylla,Sensitive,p2,https://upload.wikimedia.org/wikipedia/commons/a/a9/Acacia_argyrophylla.jpg
Trees and Shrubs,Acacia,Black,brachybotrya,Grey mulga,250,ANC,2,4,1.5,4,Sandy/Loam/Clay/Limestone,Winter/Spring,Yellow,Resistant,Acacia brachybotrya,Sensitive,p3,https://upload.wikimedia.org/wikipedia/commons/2/27/Acacia_brachybotrya.jpg
Trees and Shrubs,Acacia,Black,calamifolia,Wallowa,200,ANC,2,5,2,4,Sandy/Loam/Clay/Limestone,Winter/Spring,Yellow,Moderatly Sensitive,Acacia calamifolia,Sensitive,p4,https://upload.wikimedia.org/wikipedia/commons/b/bf/Acacia_euthycarpa.jpg
Trees and Shrubs,Acacia,Black,farinosa,Mealy wattle,350,ANC,1,2,2,4,Sandy/Loam/Limestone,Winter,Yellow,Moderatly Sensitive,Acacia farinosa,Sensitive,p5,https://upload.wikimedia.org/wikipedia/commons/b/bc/Acacia_farinosa.jpg
Trees and Shrubs,Acacia,Black,floribunda,Gossamer wattle,550,AN/C,4,7,4,6,Loam/Clay,Winter/Spring,Yellow,Moderatly Sensitive,Acacia floribunda,Sensitive,p6,https://upload.wikimedia.org/wikipedia/commons/2/22/Acacia_floribunda_CFGk365.jpg
Trees and Shrubs,Acacia,Black,gunnii,Ploughshare wattle,500,AN,0.2,0.8,1,2,Sandy/Loam/Clay,Winter/Spring,Yellow,Resistant,Acacia gunnii,Sensitive,p8,https://upload.wikimedia.org/wikipedia/commons/2/2b/Ploughshare_wattle_%282888769325%29.jpg
Trees and Shrubs,Acacia,Black,howittii,Sticky wattle,450,ANC,4,8,3,6,Loam/Clay,Spring,Yellow,Resistant,Acacia howittii,Sensitive,p10,https://upload.wikimedia.org/wikipedia/commons/5/5f/Acacia_howittii.jpg
Trees and Shrubs,Acacia,Black,ligulata,Umbrella wattle,150,ANC,2,4,4,6,Sandy/Loam/Clay/Limestone,Spring,Yellow,Resistant,Acacia ligulata,Sensitive,p11,https://upload.wikimedia.org/wikipedia/commons/3/3f/Acacia_ligulata_habit.jpg
Trees and Shrubs,Acacia,Black,lineata,Streaked wattle,500,ANC,0.5,3,1,3,Sandy/Loam/Clay,Spring,Yellow,Moderatly Sensitive,Acacia lineata,Sensitive,p12,https://upload.wikimedia.org/wikipedia/commons/b/b2/Acacia_lineata.jpg
Trees and Shrubs,Acacia,Black,microcarpa,Manna wattle,300,ANC,1,3,2,4,Sandy/Loam/Clay/Limestone,Winter/Spring,Yellow,Resistant,Acacia microcarpa,Sensitive,p15,https://upload.wikimedia.org/wikipedia/commons/2/24/Acacia_melleodora_plant.jpg
Trees and Shrubs,Acacia,Black,montana,Mallee wattle,325,ANC,2,4,2,5,Sandy/Loam/Clay/Limestone,Spring,Yellow,Resistant,Acacia montana,Sensitive,p16,https://upload.wikimedia.org/wikipedia/commons/7/7e/Acacia_montana.jpg
Trees and Shrubs,Acacia,Black,myrtifolia,Myrtle wattle,500,AN/C,1,2,1,2,Loam/Clay,Spring,Yellow,Moderatly Sensitive,Acacia myrtifolia,Sensitive,p17,https://upload.wikimedia.org/wikipedia/commons/5/5a/Acacia_myrtifolia.JPG
Trees and Shrubs,Acacia,Black,oswaldii,Umbrella wattle,150,ANC,3,5,3,5,Sandy/Loam/Limestone,Summer,Yellow,Resistant,Acacia oswaldii,Sensitive,p19,https://upload.wikimedia.org/wikipedia/commons/d/da/Acacia_sessiliceps.jpg
Trees and Shrubs,Acacia,Black,paradoxa,Kangaroo thorn,300,ANC,2,4,3,4,Sandy/Loam/Clay/Limestone,Spring,Yellow,Moderatly Sensitive,Acacia paradoxa,Sensitive,p20,https://upload.wikimedia.org/wikipedia/commons/e/e2/Acacia_armata_C.jpg
Trees and Shrubs,Acacia,Black,pendula,Weeping myall,250,ANC,6,10,6,8,Loam/Clay,Winter/Spring/Autumn,Yellow,Moderatly Sensitive,Acacia pendula,Sensitive,p21,https://upload.wikimedia.org/wikipedia/commons/7/7d/Acacia_pendula.jpg
Trees and Shrubs,Acacia,Black,pravissima,Oven’s wattle,500,AN/C,4,8,4,8,Sandy/Loam/Clay,Winter/Spring,Yellow,Moderatly Sensitive,Acacia pravissima,Sensitive,p22,https://upload.wikimedia.org/wikipedia/commons/1/1b/Acacia_pravissima_%285055338657%29.jpg
Trees and Shrubs,Acacia,Black,pycnantha,Golden wattle,450,ANC,4,6,2,6,Sandy/Loam/Clay,Winter/Spring,Yellow,Moderatly Sensitive,Acacia pycnantha,Sensitive,p23,https://upload.wikimedia.org/wikipedia/commons/9/9b/Acacia_pycnantha_Golden_Wattle.jpg
Trees and Shrubs,Acacia,Black,retinodes,Wirilda,500,ANC,5,8,3,7,Loam/Clay,Winter/Spring,Yellow,Moderatly Sensitive,Acacia retinodes,Sensitive,p24,https://upload.wikimedia.org/wikipedia/commons/f/fb/Acacia_melanoxylon2.jpg
Trees and Shrubs,Acacia,Black,rigens,Nealie,200,ANC,2,4,2,4,Sandy/Loam/Clay/Limestone,Winter/Spring,Yellow,Resistant,Acacia rigens,Sensitive,p25,https://upload.wikimedia.org/wikipedia/commons/a/a7/Acacia_rigens.jpg
Trees and Shrubs,Acacia,Black,salicina,Broughton willow,300,ANC,4,10,3,5,Loam/Clay,Winter/Spring,Yellow,Resistant,Acacia salicina,Sensitive,p27,https://upload.wikimedia.org/wikipedia/commons/f/f9/Acacia_salicina_habit.jpg
Trees and Shrubs,Acacia,Black,stenophylla,River cooba,250,ANC,5,15,3,6,Sandy/Loam/Clay/Limestone,Frequent,Yellow,Resistant,Acacia stenophylla,Sensitive,p29,https://upload.wikimedia.org/wikipedia/commons/e/e7/Acacia_stenophylla_1.jpg
Trees and Shrubs,Acacia,Black,verniciflua,Varnish wattle,450,AN/C,3,5,3,5,Sandy/Loam/Clay,Winter/Spring/Summer,Yellow,Moderatly Sensitive,Acacia verniciflua,Sensitive,p30,https://upload.wikimedia.org/wikipedia/commons/9/9d/Acacia_verniciflua_%28Varnish_Wattle%29%2C_Moora_Track%2C_Grampians_National_Park%2C_Victoria_Australia_%285044226714%29.jpg
Trees and Shrubs,Allocasuarina,Black,luehmannii,Bull oak,550,ANC,8,20,5,8,Sandy/Loam/Clay,Spring,Insignificant,Resistant,Allocasuarina luehmannii,Sensitive,p35,https://upload.wikimedia.org/wikipedia/commons/6/6c/Allocausarina_Ieuhmanii_tree.jpg
Trees and Shrubs,Allocasuarina,Black,pusilla,Dwarf sheoak,350,ANC,1,2,1,2,Sandy/Loam/Clay/Limestone,Winter/Spring/Autumn,Insignificant,Resistant,Allocasuarina pusilla,Sensitive,p37,https://upload.wikimedia.org/wikipedia/commons/c/ce/Allocasuarina_decaisneana.jpg
Trees and Shrubs,Atriplex,Black,cinerea,Coastal saltbush,350,ANC,1,1,1,2,Sandy/Limestone,Frequent,Insignificant,Moderatly Sensitive,Atriplex cinerea,Resistant,p41,https://upload.wikimedia.org/wikipedia/commons/8/83/Atriplex_cinerea.jpg
Trees and Shrubs,Atriplex,Black,paludosa,Marsh saltbush,300,ANC,0.5,1,0.5,1,Sandy/Loam/Clay,Frequent,Insignificant,Resistant,Atriplex paludosa,Sensitive,p42,https://upload.wikimedia.org/wikipedia/commons/8/87/Atriplex_paludosa.jpg
Trees and Shrubs,Atriplex,Black,vesicaria,Bladder saltbush,250,ANC,0.5,1,1,2,Sandy/Loam/Clay,Frequent,Insignificant,Resistant,Atriplex vesicaria,Resistant,p44,https://upload.wikimedia.org/wikipedia/commons/thumb/9/94/Atriplex_vesicaria.jpg/440px-Atriplex_vesicaria.jpg
Trees and Shrubs,Banksia,Green,integrifolia,Coast banksia,450,ANC,8,15,5,8,Sandy/Loam/Clay,Frequent,Yellow,Moderatly Sensitive,Banksia integrifolia,Sensitive,p46,https://upload.wikimedia.org/wikipedia/commons/7/76/B_integrifolia_integrifolia1.jpg
Trees and Shrubs,Banksia,Black,marginata,Silver banksia,500,ANC,2,8,1,5,Sandy/Loam/Clay,Spring/Autumn/Summer,Yellow,Resistant,Banksia marginata,Sensitive,p47,https://upload.wikimedia.org/wikipedia/commons/thumb/4/43/Banksia_marginata_tree_upright_1_IRL.JPG/1024px-Banksia_marginata_tree_upright_1_IRL.JPG
Trees and Shrubs,Banksia,Black,ornata,Desert banksia,400,AN/C,1,2,1,2,Sandy/Loam,Autumn,Yellow,Moderatly Sensitive,Banksia ornata,Sensitive,p48,https://upload.wikimedia.org/wikipedia/commons/b/bb/Banksia_ornata3_Mt_annan_entrance_apr_04_email.jpg
Trees and Shrubs,Banksia,Green,serrata,Old man banksia,500,AN,2,10,2,7,Sandy/Loam,Spring,Yellow,Moderatly Sensitive,Banksia serrata,Sensitive,p49,https://upload.wikimedia.org/wikipedia/commons/thumb/f/fb/Proteaceae_-_Banksia_serrata.JPG/1024px-Proteaceae_-_Banksia_serrata.JPG
Trees and Shrubs,Banksia,Green,spinulosa,Hairpin banksia,600,AN,2,4,2,5,Sandy/Loam/Clay,Autumn,Yellow,Resistant,Banksia spinulosa,Sensitive,p50,https://upload.wikimedia.org/wikipedia/commons/8/88/Banksia_spinulosa_dark_styles_Georges_River_NP_email.jpg
Trees and Shrubs,Bauera,Green,rubioides,Wiry bauera,650,AN,0.5,2,1,3,Loam/Clay,Frequent,White,Moderatly Sensitive,Bauera rubioides,Sensitive,p51,https://upload.wikimedia.org/wikipedia/commons/0/0d/Dog_Rose_%286243439028%29.jpg
Trees and Shrubs,Boronia,Green,filifolia,Slender boronia,450,ANC,0.5,1,0.5,1,Sandy/Loam/Clay,Spring,Pink,Moderatly Sensitive,Boronia filifolia,Sensitive,p53,https://upload.wikimedia.org/wikipedia/commons/6/69/Boronia_filifolia.jpg
Trees and Shrubs,Brachychiton,Black,populneus,Kurrajong,400,ANC,8,15,6,10,Loam/Clay/Limestone,Spring,Cream,Resistant,Brachychiton populneus,Moderately resistant,p54,https://upload.wikimedia.org/wikipedia/commons/3/3f/Brachychiton_populneus_tree.jpg
Trees and Shrubs,Callistemon,Black,brachyandrus,Prickly bottlebrush,450,ANC,2,3,1,3.5,Sandy/Loam/Clay/Limestone,Summer,Red,Resistant,Callistemon brachyandrus,Sensitive,p56,https://upload.wikimedia.org/wikipedia/commons/e/ec/Red_bottle_brush.jpg
Trees and Shrubs,Callistemon,Black,citrinus,Crimson bottlebrush,450,ANC,2,5,2,5,Sandy/Loam/Clay,Spring,Red,Moderatly Sensitive,Callistemon citrinus,Sensitive,p57,https://upload.wikimedia.org/wikipedia/commons/thumb/9/90/Callistemon_citrinus-0878.jpg/2560px-Callistemon_citrinus-0878.jpg
Trees and Shrubs,Callistemon,Black,pallidus,Lemon bottlebrush,550,ANC,2,5,2,4,Sandy/Loam/Clay,Spring,Yellow,Resistant,Callistemon pallidus,Sensitive,p58,https://upload.wikimedia.org/wikipedia/commons/thumb/d/d6/Melaleuca_pallida_leaves_and_flowers.jpg/1920px-Melaleuca_pallida_leaves_and_flowers.jpg
Trees and Shrubs,Callistemon,Black,sieberi,River bottlebrush,500,ANC,2,4,2,3,Loam/Clay,Spring,Cream,Moderatly Sensitive,Callistemon sieberi,Sensitive,p59,https://upload.wikimedia.org/wikipedia/commons/thumb/0/0e/Melaleuca_paludicola_flowers.jpg/1920px-Melaleuca_paludicola_flowers.jpg
Trees and Shrubs,Calytrix,Green,tetragona,Fringe myrtle,400,ANC,1,2,1,2,Sandy/Loam/Clay/Limestone,Spring,Pink,Resistant,Calytrix tetragona,Sensitive,p60,https://upload.wikimedia.org/wikipedia/commons/thumb/b/bb/Common_fringe-myrtle_Calytrix_tetragona_%288177155251%29.jpg/2560px-Common_fringe-myrtle_Calytrix_tetragona_%288177155251%29.jpg
Trees and Shrubs,Casuarina,Black,obesa,Swamp oak,350,ANC,10,15,5,10,Sandy/Loam/Clay/Limestone,Winter,Insignificant,Resistant,Casuarina obesa,Sensitive,p61,https://upload.wikimedia.org/wikipedia/commons/thumb/2/26/Casuarina_obesa_%286102944352%29.jpg/440px-Casuarina_obesa_%286102944352%29.jpg
Trees and Shrubs,Cheiranthera,Green,alternifolia,Finger flower,450,AN,0.3,0.3,0.3,0.3,Sandy/Loam/Clay,Spring,Blue,Moderatly Sensitive,Cheiranthera alternifolia,Sensitive,p63,https://upload.wikimedia.org/wikipedia/commons/thumb/4/4d/Cheiranthera_alternifolia.jpg/2560px-Cheiranthera_alternifolia.jpg
Trees and Shrubs,Correa,Green,backhouseana,Velvet correa,500,ANC,1,2,2,3,Sandy/Loam/Clay,Winter/Spring/Autumn,Green,Moderatly Sensitive,Correa backhouseana,Sensitive,p66,https://upload.wikimedia.org/wikipedia/commons/thumb/c/c6/Correa_backhouseana.JPG/1920px-Correa_backhouseana.JPG
Trees and Shrubs,Crowea,Green,exalata,Wax flower,600,AN,0.5,1,0.5,1.5,Sandy/Loam/Clay,Summer,Pink,Moderatly Sensitive,Crowea exalata,Sensitive,p69,https://upload.wikimedia.org/wikipedia/commons/0/0a/Crowea_exalata.jpg
Trees and Shrubs,Daviesia,Black,leptophylla,Blunt leaf bitter-pea,500,AN,1,2.5,1,2,Sandy/Loam/Clay,Spring,Yellow,Moderatly Sensitive,Daviesia leptophylla,Sensitive,p70,https://upload.wikimedia.org/wikipedia/commons/1/18/Daviesia_leptophylla.jpg
Trees and Shrubs,Dillwynia,Green,hispida,Red parrot-pea,450,ANC,0.2,0.6,0.3,1,Sandy/Loam/Clay,Spring,Orange,Moderatly Sensitive,Dillwynia hispida,Sensitive,p72,https://upload.wikimedia.org/wikipedia/commons/a/ae/Freycinet_Bluete.jpg
Trees and Shrubs,Dodonaea,Black,bursariifolia,Low hop bush,400,ANC,0.5,1.5,0.7,1.5,Sandy/Loam/Limestone,Spring/Summer,Insignificant,Resistant,Dodonaea bursariifolia,Sensitive,p73,https://upload.wikimedia.org/wikipedia/commons/f/f1/Dodonea_viscosa_flowers1.JPG
Trees and Shrubs,Dodonaea,Black,stenozyga,Desert hop bush,300,ANC,0.5,1,1,3,Sandy/Clay/Limestone,Spring/Summer,Insignificant,Resistant,Dodonaea stenozyga,Sensitive,p74,https://upload.wikimedia.org/wikipedia/commons/f/f1/Dodonea_viscosa_flowers1.JPG
Trees and Shrubs,Enchylaena,Black,tomentosa,Ruby saltbush,300,ANC,0.3,1,0.5,1.5,Sandy/Loam/Clay/Limestone,Frequent,Insignificant,Resistant,Enchylaena tomentosa,Resistant,p77,https://upload.wikimedia.org/wikipedia/commons/thumb/8/80/Enchylaena_tomentosa.jpg/1920px-Enchylaena_tomentosa.jpg
Trees and Shrubs,Eremophila,Green,bignoniiflora,Creek wilga,350,ANC,3,4,3,4,Loam/Clay/Limestone,Spring,Cream,Resistant,Eremophila bignoniiflora,Sensitive,p78,https://upload.wikimedia.org/wikipedia/commons/5/58/Eremophila_bignoniiflora.jpg
Trees and Shrubs,Eremophila,Green,longifolia,Berrigan,300,ANC,2,6,1.5,4,Loam/Clay,Winter/Spring/Summer,Pink,Moderatly Sensitive,Eremophila longifolia,Sensitive,p81,https://upload.wikimedia.org/wikipedia/commons/3/3d/Eremophila_longifolia.jpg
Trees and Shrubs,Eremophila,Green,oppositifolia,Twin-leaf emu bush,300,ANC,1.5,4,1,3,Sandy/Loam/Clay/Limestone,Winter/Spring/Summer,Cream,Resistant,Eremophila oppositifolia,Sensitive,p83,https://upload.wikimedia.org/wikipedia/commons/thumb/9/9b/Eremophila_oppositifolia_%28leaf%2C_flower%2C_fruit%29.JPG/1920px-Eremophila_oppositifolia_%28leaf%2C_flower%2C_fruit%29.JPG
Trees and Shrubs,Eremophila,Green,polyclada,Flowering lignum,400,ANC,2,4,2,4,Sandy/Loam/Clay/Limestone,Spring,White,Moderatly Sensitive,Eremophila polyclada,Sensitive,p84,https://upload.wikimedia.org/wikipedia/commons/b/b3/Eremophila_polyclada.jpg
Trees and Shrubs,Eremophila,Green,scoparia,Broom emu bush,250,ANC,1,3,1,1.5,Sandy/Loam/Clay/Limestone,Winter/Spring,Purple,Resistant,Eremophila scoparia,Sensitive,p85,https://upload.wikimedia.org/wikipedia/commons/thumb/8/82/Eremophila_scoparia_%28leaves_and_flowers%29.jpg/1920px-Eremophila_scoparia_%28leaves_and_flowers%29.jpg
Trees and Shrubs,Eucalyptus,Black,albens,White box,450,ANC,15,25,10,15,Sandy/Loam/Clay,Winter/Summer,White,Resistant,Eucalyptus albens,Sensitive,p86,https://upload.wikimedia.org/wikipedia/commons/thumb/e/e6/Euclakekeepit1a.JPG/1024px-Euclakekeepit1a.JPG
Trees and Shrubs,Eucalyptus,Black,arenacea,Sand stringybark,450,ANC,4,8,4,8,Sandy/Loam,Autumn/Summer,White,Resistant,Eucalyptus arenacea,Sensitive,p87,https://upload.wikimedia.org/wikipedia/commons/8/80/Eucalyptus_arenacea_flowers.jpg
Trees and Shrubs,Eucalyptus,Black,baxteri,Brown stringybark,650,AN,6,25,6,15,Sandy/Loam/Clay,Autumn/Summer,White,Resistant,Eucalyptus baxteri,Sensitive,p88,https://upload.wikimedia.org/wikipedia/commons/thumb/7/7e/Eucalyptus_baxteri.jpg/1024px-Eucalyptus_baxteri.jpg
Trees and Shrubs,Eucalyptus,Black,botryoides,Bangalay,600,ANC,10,30,10,15,Sandy/Loam/Clay,Summer,White,Sensitive,Eucalyptus botryoides,Sensitive,p89,https://upload.wikimedia.org/wikipedia/commons/8/83/Eucalyptus_botryoides1.jpg
Trees and Shrubs,Eucalyptus,Black,calycogona,Square-fruited mallee,300,ANC,3,10,3,8,Sandy/Loam/Limestone,Spring,Cream,Resistant,Eucalyptus calycogona,Sensitive,p90,https://upload.wikimedia.org/wikipedia/commons/7/72/Eucalyptus_calycogona.jpg
Trees and Shrubs,Eucalyptus,Black,cinerea,Argyle apple,600,AN/C,7,15,5,8,Loam/Clay,Summer,White,Resistant,Eucalyptus cinerea,Sensitive,p91,https://upload.wikimedia.org/wikipedia/commons/3/32/Eucalyptus_cinerea_habit.jpg
Trees and Shrubs,Eucalyptus,Black,crenulata,Victorian silver gum,600,AN/C,4,12,3,10,Sandy/Loam/Clay,Summer,White,Resistant,Eucalyptus crenulata,Sensitive,p92,https://upload.wikimedia.org/wikipedia/commons/thumb/b/b6/Eucalyptus_crenulata_habit.jpg/1024px-Eucalyptus_crenulata_habit.jpg
Trees and Shrubs,Eucalyptus,Black,cyanophylla,Blue-leaved mallee,250,ANC,2,6,3,8,Sandy/Loam/Limestone,Spring,Cream,Moderatly Sensitive,Eucalyptus cyanophylla,Sensitive,p93,https://upload.wikimedia.org/wikipedia/commons/thumb/4/41/EucalyptusCyanophylla_BotGartenMelbourne-20171124-1b.jpg/1920px-EucalyptusCyanophylla_BotGartenMelbourne-20171124-1b.jpg
Trees and Shrubs,Eucalyptus,Black,dumosa,White mallee,300,ANC,4,8,4,5,Loam/Clay/Limestone,Winter/Spring/Summer,Cream,Resistant,Eucalyptus dumosa,Sensitive,p96,https://upload.wikimedia.org/wikipedia/commons/thumb/4/4a/Eucalyptus_dumosa._White_Mallee._Congoo_Mallee._%284193874295%29.jpg/1920px-Eucalyptus_dumosa._White_Mallee._Congoo_Mallee._%284193874295%29.jpg
Trees and Shrubs,Eucalyptus,Black,fasciculosa,Pink gum,450,ANC,5,18,5,12,Sandy/Loam/Clay,Summer,Cream,Moderatly Sensitive,Eucalyptus fasciculosa,Sensitive,p97,https://upload.wikimedia.org/wikipedia/commons/0/09/Eucalyptus_fasciculosa_habit.jpg
Trees and Shrubs,Eucalyptus,Black,globulus,Tasmanian blue gum,700,AN/C,15,50,10,20,Sandy/Loam/Clay,Winter,White,Resistant,Eucalyptus globulus,Sensitive,p98,https://upload.wikimedia.org/wikipedia/commons/4/42/Eucalyptus_globulus_subsp._maidenii.jpg
Trees and Shrubs,Eucalyptus,Black,gracilis,Yorrell,200,ANC,3,9,3,8,Sandy/Loam/Limestone,Winter/Spring/Autumn,White,Moderatly Sensitive,Eucalyptus gracilis,Sensitive,p100,https://upload.wikimedia.org/wikipedia/commons/d/d6/Eucalyptus_gracilis_1.jpg
Trees and Shrubs,Eucalyptus,Black,incrassata,Ridge-fruited mallee,350,ANC,3,7,3,6,Sandy/Loam,Spring,Cream,Moderatly Sensitive,Eucalyptus incrassata,Sensitive,p101,https://upload.wikimedia.org/wikipedia/commons/f/fa/Eucalyptus_incrassata_habit.jpg
Trees and Shrubs,Eucalyptus,Black,largiflorens,River box,350,ANC,6,20,6,15,Loam/Clay,Spring/Summer,White,Resistant,Eucalyptus largiflorens,Sensitive,p102,https://upload.wikimedia.org/wikipedia/commons/thumb/1/13/Eucalyptus_largiflorens.jpg/1920px-Eucalyptus_largiflorens.jpg
Trees and Shrubs,Eucalyptus,Black,leptophylla,Narrow-leaved red mallee,200,ANC,2,6,3,8,Sandy/Loam/Limestone,Winter/Spring/Autumn,White,Resistant,Eucalyptus leptophylla,Sensitive,p103,https://upload.wikimedia.org/wikipedia/commons/2/21/Eucalyptus_leptophylla.jpg
Trees and Shrubs,Eucalyptus,Black,melliodora,Yellow box,400,ANC,20,35,20,30,Loam/Clay,Spring/Autumn/Summer,Cream,Moderatly Sensitive,Eucalyptus melliodora,Sensitive,p108,https://upload.wikimedia.org/wikipedia/commons/thumb/0/08/Eucalyptus_melliodora_1.jpg/800px-Eucalyptus_melliodora_1.jpg
Trees and Shrubs,Eucalyptus,Black,microcarpa,Grey box,500,ANC,6,20,8,20,Loam/Clay/Limestone,Summer,Cream,Resistant,Eucalyptus microcarpa,Sensitive,p109,https://upload.wikimedia.org/wikipedia/commons/2/20/Eucalyptus_microcarpa.jpg
Trees and Shrubs,Eucalyptus,Black,obliqua,Messmate stringybark,800,AN,15,40,12,25,Loam/Clay,Summer,White,Moderatly Sensitive,Eucalyptus obliqua,Sensitive,p110,https://upload.wikimedia.org/wikipedia/commons/4/4c/Eucalyptus_obliqua_habit.jpg
Trees and Shrubs,Eucalyptus,Black,odorata,Peppermint box,350,ANC,7,15,6,12,Sandy/Loam/Clay,Frequent,Cream,Resistant,Eucalyptus odorata,Sensitive,p111,https://upload.wikimedia.org/wikipedia/commons/2/27/Eucalyptus_odorata.jpg
Trees and Shrubs,Eucalyptus,Black,perriniana,Spinning gum,650,AN/C,4,10,4,8,Sandy/Loam/Clay,Summer,White,Resistant,Eucalyptus perriniana,Sensitive,p114,https://upload.wikimedia.org/wikipedia/commons/thumb/e/ee/Eucalyptus_perrinana_01.jpg/1920px-Eucalyptus_perrinana_01.jpg
Trees and Shrubs,Eucalyptus,Black,polyanthemos,Red box,500,AN,10,25,5,15,Sandy/Loam/Clay,Spring/Summer,Cream,Resistant,Eucalyptus polyanthemos,Sensitive,p116,https://upload.wikimedia.org/wikipedia/commons/7/73/Eucalyptus_polyanthemos_vestita.jpg
Trees and Shrubs,Eucalyptus,Black,polybractea,Blue mallee,400,ANC,4,10,4,8,Sandy/Loam/Clay,Spring,Cream,Moderatly Sensitive,Eucalyptus polybractea,Sensitive,p117,https://upload.wikimedia.org/wikipedia/commons/1/1e/Eucalyptus_polybractea_habit.jpg
Trees and Shrubs,Eucalyptus,Black,porosa,Mallee box,300,ANC,5,14,5,12,Sandy/Loam/Clay/Limestone,Spring,White,Moderatly Sensitive,Eucalyptus porosa,Sensitive,p118,https://upload.wikimedia.org/wikipedia/commons/7/78/Eucalyptus_porosa.jpg
Trees and Shrubs,Eucalyptus,Black,viridis,Green mallee,250,ANC,4,8,3,5,Sandy/Loam/Clay/Limestone,Summer,White,Moderatly Sensitive,Eucalyptus viridis,Sensitive,p123,https://upload.wikimedia.org/wikipedia/commons/thumb/2/2d/Eucalyptus_viridis_habit.jpg/440px-Eucalyptus_viridis_habit.jpg
Trees and Shrubs,Glischrocaryon,Green,behrii,Golden pennants,300,ANC,0.2,1,0.3,1,Sandy/Loam/Clay,Spring/Summer,Yellow,Moderatly Sensitive,Glischrocaryon behrii,Sensitive,p125,https://upload.wikimedia.org/wikipedia/commons/d/d7/Glischrocaryon_behrii.jpg
Trees and Shrubs,Goodenia,Green,ovata,Hop goodenia,450,AN/C,1,2.5,1,3,Sandy/Loam/Clay,Spring,Yellow,Moderatly Sensitive,Goodenia ovata,Sensitive,p127,https://upload.wikimedia.org/wikipedia/commons/f/fe/Goodenia_ovata.jpg
Trees and Shrubs,Grevillea,Green,huegelii,Comb grevillea,300,AN/C,0.5,2.5,1.5,3,Sandy/Loam,Spring,Burgundy,Moderatly Sensitive,Grevillea huegelii,Sensitive,p129,https://upload.wikimedia.org/wikipedia/commons/thumb/1/1f/Grevillea_huegelii_-_Flickr_-_Kevin_Thiele.jpg/1920px-Grevillea_huegelii_-_Flickr_-_Kevin_Thiele.jpg
Trees and Shrubs,Hakea,Black,rostrata,Beaked hakea,400,ANC,1,4,1,3,Sandy/Loam/Clay,Winter,White,Moderatly Sensitive,Hakea rostrata,Sensitive,p135,https://upload.wikimedia.org/wikipedia/commons/thumb/1/1d/Hakea_rostrata.jpg/1920px-Hakea_rostrata.jpg
Trees and Shrubs,Hibbertia,Green,empetrifolia,Scrambling guinea flower,600,AN,0.5,1,1,2,Sandy/Loam/Clay,Spring,Yellow,Moderatly Sensitive,Hibbertia empetrifolia,Sensitive,p140,https://upload.wikimedia.org/wikipedia/commons/thumb/3/34/Hibbertia_empetrifolia_01_Pengo.jpg/1920px-Hibbertia_empetrifolia_01_Pengo.jpg
Trees and Shrubs,Hibbertia,Green,sericea,Silky guinea flower,350,AN,0.2,0.4,0.2,0.5,Sandy/Loam,Spring,Yellow,Moderatly Sensitive,Hibbertia sericea,Sensitive,p141,https://upload.wikimedia.org/wikipedia/commons/1/17/Hibbertia_sericea.jpg
Trees and Shrubs,Hybanthus,Green,floribundus,Shrub violet,450,AN,0.5,1.5,0.5,1.5,Loam/Clay,Winter/Spring/Autumn,Purple,Moderatly Sensitive,Hybanthus floribundus,Sensitive,p142,https://upload.wikimedia.org/wikipedia/commons/5/57/Hybanthus_enneaspermus_in_Talakona_forest%2C_AP_W_IMG_8537.jpg
Trees and Shrubs,Indigofera,Black,australis,Australian indigo,300,AN/C,1,2,1,2,Sandy/Loam/Clay,Spring,Pink,Moderatly Sensitive,Indigofera australis,Sensitive,p143,https://upload.wikimedia.org/wikipedia/commons/2/2c/Indigofera_australis-young-flowers-cropped.jpg
Trees and Shrubs,Isopogon,Black,ceratophyllus,Wild irishman,500,AN/C,0.5,1,0.5,1,Sandy/Loam,Spring,Yellow,Moderatly Sensitive,Isopogon ceratophyllus,Sensitive,p144,https://upload.wikimedia.org/wikipedia/commons/thumb/a/a1/Isopogon_ceratophyllus.jpg/440px-Isopogon_ceratophyllus.jpg
Trees and Shrubs,Lasiopetalum,Black,baueri,Slender velvet bush,400,ANC,5,1.5,1,2,Sandy/Loam/Limestone,Spring,Pink,Resistant,Lasiopetalum baueri,Sensitive,p145,https://upload.wikimedia.org/wikipedia/commons/1/1c/Lasiopetalum_behrii.jpg
Trees and Shrubs,Lasiopetalum,Black,behrii,Pink velvet bush,400,ANC,0.5,1.5,1,2,Sandy/Loam/Limestone,Winter,Pink,Resistant,Lasiopetalum behrii,Sensitive,p146,https://upload.wikimedia.org/wikipedia/commons/thumb/f/fb/Lasiopetalum_behrii_5722.jpg/1920px-Lasiopetalum_behrii_5722.jpg
Trees and Shrubs,Leptospermum,Black,continentale,Prickly tea tree,500,AN,1.5,4,2,4,Sandy/Loam/Clay,Spring,White,Resistant,Leptospermum continentale,Sensitive,p148,https://upload.wikimedia.org/wikipedia/commons/e/ed/Leptospermum_continentale_flowers.jpg
Trees and Shrubs,Leptospermum,Black,coriaceum,Green tea tree,350,ANC,1,3,2,4,Sandy/Loam/Limestone,Winter,White,Resistant,Leptospermum coriaceum,Sensitive,p149,https://upload.wikimedia.org/wikipedia/commons/4/44/Leptospermum_coriaceum.jpg
Trees and Shrubs,Leptospermum,Black,lanigerum,Woolly tea tree,550,AN/C,2,5,1.5,4,Loam/Clay,Spring,Cream,Resistant,Leptospermum lanigerum,Sensitive,p150,https://upload.wikimedia.org/wikipedia/commons/3/31/L._lanigerum_flowers.jpg
Trees and Shrubs,Leptospermum,Black,myrsinoides,Silky tea tree,450,AN,1,4,1,4,Sandy/Loam/Clay,Spring,White,Resistant,Leptospermum myrsinoides,Sensitive,p151,https://upload.wikimedia.org/wikipedia/commons/thumb/0/09/Heath_tea-tree_Leptospermum_myrsinoides_%288210275500%29.jpg/440px-Heath_tea-tree_Leptospermum_myrsinoides_%288210275500%29.jpg
Trees and Shrubs,Leucophyta,Black,brownii,Cushion bush,400,ANC,0.2,1,1,2,Sandy/Loam/Limestone,Spring,Yellow,Moderatly Sensitive,Leucophyta brownii,Sensitive,p152,https://upload.wikimedia.org/wikipedia/commons/f/f4/Leucophyta_brownii.jpg
Trees and Shrubs,Leucopogon,Green,parviflorus,Coast beard heath,500,ANC,2,4,1,3,Sandy/Loam,Spring,White,Sensitive,Leucopogon parviflorus,Sensitive,p153,https://upload.wikimedia.org/wikipedia/commons/thumb/3/3d/Leucopogon_parviflorus_3.jpg/1920px-Leucopogon_parviflorus_3.jpg
Trees and Shrubs,Maireana,Black,pyramidata,Shrubby bluebush,300,ANC,0.5,1,0.5,1,Sandy/Loam/Clay,Frequent,Insignificant,Resistant,Maireana pyramidata,Resistant,p155,https://upload.wikimedia.org/wikipedia/commons/thumb/b/bb/Maireana_pyramidata15348541212_f3449f42fa_o.jpg/2560px-Maireana_pyramidata15348541212_f3449f42fa_o.jpg
Trees and Shrubs,Maireana,Black,sedifolia,Pearl bluebush,350,ANC,0.6,1.5,0.6,2,Sandy/Loam/Clay,Winter/Spring,Yellow,Resistant,Maireana sedifolia,Resistant,p156,https://upload.wikimedia.org/wikipedia/commons/thumb/9/94/Maireana_sedifolia_2.jpg/1280px-Maireana_sedifolia_2.jpg
Trees and Shrubs,Melaleuca,Black,armillaris,Bracelet honey myrtle,450,ANC,3,8,3,5,Sandy/Loam/Clay,Spring,Cream,Moderatly Sensitive,Melaleuca armillaris,Sensitive,p158,https://upload.wikimedia.org/wikipedia/commons/6/62/Melaleuca_armillaris-Flowers.jpg
Trees and Shrubs,Melaleuca,Black,brevifolia,White-flowered paperbark,400,ANC,2,4,2,4,Sandy/Loam/Clay/Limestone,Spring,White,Resistant,Melaleuca brevifolia,Sensitive,p159,https://upload.wikimedia.org/wikipedia/commons/4/4e/Melaleuca_brevifolia.jpg
Trees and Shrubs,Melaleuca,Black,decussata,Cross-leaved honey myrtle,450,ANC,2,5,2,4,Loam/Clay/Limestone,Spring,Purple,Moderatly Sensitive,Melaleuca decussata,Sensitive,p160,https://upload.wikimedia.org/wikipedia/commons/thumb/8/86/Melaleuca_decussata_3.JPG/1024px-Melaleuca_decussata_3.JPG
Trees and Shrubs,Melaleuca,Black,gibbosa,Slender honey myrtle,400,ANC,2,3,2,3,Sandy/Loam/Clay/Limestone,Summer,Purple,Moderatly Sensitive,Melaleuca gibbosa,Sensitive,p161,https://upload.wikimedia.org/wikipedia/commons/thumb/e/ee/Melaleuca_gibbosa_%28Myrtaceae%29_leaves.JPG/1920px-Melaleuca_gibbosa_%28Myrtaceae%29_leaves.JPG
Trees and Shrubs,Melaleuca,Black,halmaturorum,Sa swamp paperbark,350,ANC,2,6,2,6,Sandy/Loam/Clay/Limestone,Spring,White,Moderatly Sensitive,Melaleuca halmaturorum,Sensitive,p162,https://upload.wikimedia.org/wikipedia/commons/thumb/4/4d/Melaleuca_halmaturorum_%28habit%29.JPG/1920px-Melaleuca_halmaturorum_%28habit%29.JPG
Trees and Shrubs,Melaleuca,Black,lanceolata,Dryland tea tree,250,ANC,3,8,3,5,Sandy/Loam/Clay/Limestone,Spring,Cream,Resistant,Melaleuca lanceolata,Sensitive,p163,https://upload.wikimedia.org/wikipedia/commons/b/bc/Melaleuca_lanceolata.jpg
Trees and Shrubs,Melaleuca,Black,squamea,Swamp honey myrtle,500,AN,1,3,1,3,Sandy/Loam/Clay,Spring,Pink,Resistant,Melaleuca squamea,Sensitive,p164,https://upload.wikimedia.org/wikipedia/commons/6/66/Melaleuca_squamea_-_Melaleuca.jpg
Trees and Shrubs,Melaleuca,Black,squarrosa,Scented paperbark,550,ANC,2,5,2,4,Sandy/Loam/Clay,Spring,Cream,Resistant,Melaleuca squarrosa,Sensitive,p165,https://upload.wikimedia.org/wikipedia/commons/f/fd/Melaleuca_squarrosa.jpg
Trees and Shrubs,Melaleuca,Black,uncinata,Broombush,350,ANC,2,3,1,2,Sandy/Loam/Limestone,Summer,Yellow,Moderatly Sensitive,Melaleuca uncinata,Sensitive,p166,https://upload.wikimedia.org/wikipedia/commons/thumb/a/af/Melaleuca_uncinata_%28habit%29.JPG/1920px-Melaleuca_uncinata_%28habit%29.JPG
Trees and Shrubs,Melaleuca,Black,wilsonii,Wilson’s honey myrtle,400,ANC,1,2,1,3,Sandy/Loam/Clay/Limestone,Spring,Pink,Moderatly Sensitive,Melaleuca wilsonii,Sensitive,p167,https://upload.wikimedia.org/wikipedia/commons/4/41/Melaleuca_wilsonii.jpg
Trees and Shrubs,Micromyrtus,Green,ciliata,Fringed heath myrtle,500,AN/C,0.5,1,0.5,2,Sandy/Loam,Spring,White,Resistant,Micromyrtus ciliata,Sensitive,p168,https://upload.wikimedia.org/wikipedia/commons/2/2f/Micromyrtus_ciliata_Dee_Why.jpg
Trees and Shrubs,Muehlenbeckia,Black,florulenta,Lignum,300,ANC,1,2,1,2.5,Sandy/Loam/Clay,Spring/Summer,Yellow,Resistant,Muehlenbeckia florulenta,Sensitive,p169,https://upload.wikimedia.org/wikipedia/commons/thumb/a/aa/Ligmum.jpg/1280px-Ligmum.jpg
Trees and Shrubs,Myoporum,Green,floribundum,Slender myoporum,500,AN/C,2,3,2,3,Sandy/Loam/Clay,Spring,White,Resistant,Myoporum floribundum,Sensitive,p170,https://upload.wikimedia.org/wikipedia/commons/e/eb/Myoporum_floribundum.jpg
Trees and Shrubs,Myoporum,Black,insulare,Boobialla,350,ANC,3,5,3,5,Sandy/Loam/Limestone,Spring,White,Moderatly Sensitive,Myoporum insulare,Resistant,p171,https://upload.wikimedia.org/wikipedia/commons/5/50/Myoporum_insulare.jpg
Trees and Shrubs,Myoporum,Green,montanum,Water bush,400,ANC,1,2,1.5,2.5,Sandy/Loam/Clay,Spring,White,Resistant,Myoporum montanum,Moderately resistant,p172,https://upload.wikimedia.org/wikipedia/commons/thumb/1/1b/Myoporum_montanum_habit.jpg/1280px-Myoporum_montanum_habit.jpg
Trees and Shrubs,Myoporum,Black,petiolatum,Sticky boobialla,350,ANC,1,2.5,1,3,Sandy/Loam/Clay,Winter/Spring/Summer,White,Resistant,Myoporum petiolatum,Sensitive,p173,https://upload.wikimedia.org/wikipedia/commons/e/ea/Myoporum_petiolatum.jpg
Trees and Shrubs,Myoporum,Black,platycarpum,False sandalwood,300,ANC,3,6,2,4,Sandy/Loam/Limestone,Spring,White,Moderatly Sensitive,Myoporum platycarpum,Moderately resistant,p174,https://upload.wikimedia.org/wikipedia/commons/4/4b/Myoporum_platycarpum.jpg
Trees and Shrubs,Olearia,Black,axillaris,Coast daisy-bush,400,ANC,2,3,1.5,2,Sandy/Loam/Clay/Limestone,Spring,White,Resistant,Olearia axillaris,Sensitive,p175,https://upload.wikimedia.org/wikipedia/commons/2/29/Olearia_axillaris.jpg
Trees and Shrubs,Olearia,Black,pannosa,Silver-leaved daisy,400,ANC,1,2,1,2,Sandy/Loam/Clay,Spring,White,Resistant,Olearia pannosa,Sensitive,p176,https://upload.wikimedia.org/wikipedia/commons/thumb/8/84/Olearia_pannosa.jpg/440px-Olearia_pannosa.jpg
Trees and Shrubs,Olearia,Green,phlogopappa,Otway daisy-bush,550,AN,1,2,1,2,Sandy/Loam/Clay,Spring,White,Moderatly Sensitive,Olearia phlogopappa,Sensitive,p177,https://upload.wikimedia.org/wikipedia/commons/thumb/8/8e/Olearia_phlogopappa.jpg/1920px-Olearia_phlogopappa.jpg
Trees and Shrubs,Olearia,Black,pimeleoides,Showy daisy-bush,400,ANC,0.5,1,0.5,1,Sandy/Loam/Limestone,Winter,White,Moderatly Sensitive,Olearia pimeleoides,Sensitive,p178,https://upload.wikimedia.org/wikipedia/commons/1/13/Olearia_pimeleoides.jpg
Trees and Shrubs,Olearia,Black,ramulosa,Twiggy daisy-bush,500,AN/C,1,1.5,1,2,Sandy/Loam/Clay,Spring,White,Moderatly Sensitive,Olearia ramulosa,Sensitive,p179,https://upload.wikimedia.org/wikipedia/commons/f/f6/Olearia_ramulosa.jpg
Trees and Shrubs,Pimelea,Green,glauca,Smooth rice flower,400,ANC,0.1,1,0.3,1.5,Sandy/Loam,Winter/Spring/Summer,White,Moderatly Sensitive,Pimelea glauca,Sensitive,p182,https://upload.wikimedia.org/wikipedia/commons/4/40/Pimelea_glauca.jpg
Trees and Shrubs,Pittosporum,Black,angustifolium,Native apricot,250,ANC,4,8,3,4,Sandy/Loam/Clay/Limestone,Spring,Cream,Moderatly Sensitive,Pittosporum angustifolium,Moderately resistant,p183,https://upload.wikimedia.org/wikipedia/commons/thumb/6/62/Pittosporum_phillyreoides_%28P._angustifolium%29.jpg/440px-Pittosporum_phillyreoides_%28P._angustifolium%29.jpg
Trees and Shrubs,Platylobium,Black,obtusangulum,Common flat pea,550,AN,0.3,1,0.5,1,Sandy/Loam/Clay,Spring/Summer,Orange,Moderatly Sensitive,Platylobium obtusangulum,Sensitive,p184,https://upload.wikimedia.org/wikipedia/commons/a/a5/Platylobium_obtusangulum.jpg
Trees and Shrubs,Prostanthera,Green,aspalathoides,Scarlet mintbush,400,ANC,0.5,0.5,0.5,0.5,Sandy/Loam,Spring,Red,Moderatly Sensitive,Prostanthera aspalathoides,Sensitive,p185,https://upload.wikimedia.org/wikipedia/commons/thumb/4/4e/Prostanthera_aspalathoides_%27Bright_Spark%27.jpg/1920px-Prostanthera_aspalathoides_%27Bright_Spark%27.jpg
Trees and Shrubs,Pultenaea,Black,daphnoides,Long-leaved bush-pea,550,AN/C,1,2,0.5,1,Sandy/Loam/Clay,Spring,Yellow,Moderatly Sensitive,Pultenaea daphnoides,Sensitive,p187,https://upload.wikimedia.org/wikipedia/commons/8/80/Pultenaea_daphnoides.jpg
Trees and Shrubs,Rhagodia,Black,candolleana,Seaberry saltbush,350,ANC,1,1.5,1,1.5,Sandy/Loam/Clay/Limestone,Winter/Spring,Insignificant,Moderatly Sensitive,Rhagodia candolleana,Resistant,p189,https://upload.wikimedia.org/wikipedia/commons/2/2a/Rhagodia_candolleana.jpg
Trees and Shrubs,Rhagodia,Black,parabolica,Fragrant saltbush,350,ANC,1,2,1,2,Sandy/Loam/Clay,Winter/Spring,Insignificant,Resistant,Rhagodia parabolica,Resistant,p191,https://upload.wikimedia.org/wikipedia/commons/thumb/4/49/RhagodiaParabolica_BotGartenMelbourne-20171124.jpg/1024px-RhagodiaParabolica_BotGartenMelbourne-20171124.jpg
Trees and Shrubs,Santalum,Black,acuminatum,Quandong/ native peach,300,ANC,3,6,1,3,Sandy/Loam/Clay/Limestone,Summer,Cream,Resistant,Santalum acuminatum,Sensitive,p192,https://upload.wikimedia.org/wikipedia/commons/thumb/d/d3/Santalum_acuminatum_fruit1.JPG/1920px-Santalum_acuminatum_fruit1.JPG
Trees and Shrubs,Solanum,Black,laciniatum,Large kangaroo apple,500,AN,1,3,1,3,Sandy/Loam/Clay,Spring/Summer,Blue,Moderatly Sensitive,Solanum laciniatum,Sensitive,p195,https://upload.wikimedia.org/wikipedia/commons/c/c2/2007_solanum_laciniatum.jpg
Trees and Shrubs,Syzygium,Green,smithii,Lilly pilly,550,ANC,5,15,5,8,Sandy/Loam/Clay,Spring,White,Moderatly Sensitive,Syzygium smithii,Sensitive,p196,https://upload.wikimedia.org/wikipedia/commons/9/93/Syzygium_smithii_2.jpg
Trees and Shrubs,Tetratheca,Green,ciliata,Pink bells,500,AN,0.5,0.5,0.5,0.5,Sandy/Loam,Spring,Pink,Moderatly Sensitive,Tetratheca ciliata,Sensitive,p197,https://upload.wikimedia.org/wikipedia/commons/4/46/Tetratheca_thymifolia_IMG_20190605_124423.jpg
Trees and Shrubs,Tetratheca,Green,pilosa,Pink-eyed susan,550,AN,0.2,0.5,0.2,0.5,Sandy/Loam/Clay,Spring,Pink,Moderatly Sensitive,Tetratheca pilosa,Sensitive,p198,https://upload.wikimedia.org/wikipedia/commons/1/1e/Tetratheca_hirsuta_gnangarra.JPG
Trees and Shrubs,Tetratheca,Green,thymifolia,Black eyed susan,500,AN,0.5,0.5,0.5,0.5,Sandy/Loam/Clay,Winter/Spring,Pink,Moderatly Sensitive,Tetratheca thymifolia,Sensitive,p199,https://upload.wikimedia.org/wikipedia/commons/3/3e/Tetratheca_thymifolia_P6050218.jpg
Trees and Shrubs,Thomasia,Black,petalocalyx,Paper flower,450,ANC,0.6,0.6,0.6,1,Sandy/Loam,Spring,Purple,Moderatly Sensitive,Thomasia petalocalyx,Sensitive,p200,https://upload.wikimedia.org/wikipedia/commons/c/c5/Thomasia_petalocalyx.jpg
Trees and Shrubs,Thryptomene,Green,calycina,Grampians thryptomene,600,AN,1,2,1,2,Sandy/Loam/Clay,Winter,White,Moderatly Sensitive,Thryptomene calycina,Sensitive,p201,https://upload.wikimedia.org/wikipedia/commons/f/f0/Thryptomene_calycina1.jpg
Trees and Shrubs,Viminaria,Black,juncea,Golden spray,650,AN/C,4,6,2,4,Sandy/Loam/Clay,Autumn/Summer,Yellow,Moderatly Sensitive,Viminaria juncea,Sensitive,p202,https://upload.wikimedia.org/wikipedia/commons/9/9b/Viminaria_juncea_%286242982849%29.jpg
Trees and Shrubs,Westringia,Green,eremicola,Slender westringia,250,ANC,1,1.5,1,1.5,Sandy/Loam/Clay/Limestone,Frequent,Purple,Resistant,Westringia eremicola,Sensitive,p203,https://upload.wikimedia.org/wikipedia/commons/c/c7/Westringia_fruticosa_flower.jpg
Trees and Shrubs,Westringia,Green,glabra,Violet westringia,550,AN/C,1,1.5,1,1.5,Loam/Clay,Spring,Blue,Moderatly Sensitive,Westringia glabra,Sensitive,p204,https://upload.wikimedia.org/wikipedia/commons/6/63/Westringia_glabra.jpg
Groundcover,Ajuga,Green,australis,Austral bugle,400,ANC,0.3,0.3,0.5,1,Sandy/Loam/Clay,Spring/Summer,Pink,Resistant,Ajuga australis,Moderately resistant,p205,https://upload.wikimedia.org/wikipedia/commons/2/28/Ajuga_australis_plant_ii.jpg
Groundcover,Atriplex,Black,semibaccata,Berry saltbush,300,ANC,0.1,0.3,1,3,Sandy/Loam/Clay,Frequent,Insignificant,Resistant,Atriplex semibaccata,Resistant,p206,https://upload.wikimedia.org/wikipedia/commons/3/3d/Starr_030923-0242_Atriplex_semibaccata.jpg
Groundcover,Atriplex,Black,suberecta,Lagoon saltbush,300,ANC,0.1,0.6,1,2,Sandy/Loam/Clay,Frequent,Insignificant,Resistant,Atriplex suberecta,Sensitive,p207,https://upload.wikimedia.org/wikipedia/commons/2/2f/Starr_020122-0006_Atriplex_suberecta.jpg
Groundcover,Carpobrotus,Black,rossii,Karkalla,300,ANC,0.1,0.1,2,3,Sandy/Loam/Clay,Winter/Spring/Summer,Pink,Resistant,Carpobrotus rossii,Resistant,p210,https://upload.wikimedia.org/wikipedia/commons/5/5c/Carpobrotus_rossii.jpg
Groundcover,Chrysocephalum,Green,baxteri,Fringed everlasting,450,ANC,0.2,0.4,0.3,0.6,Sandy/Loam/Clay,Frequent,White,Moderatly Sensitive,Chrysocephalum baxteri,Sensitive,p212,https://upload.wikimedia.org/wikipedia/commons/5/54/Chrysocephalum_apiculatum.jpg
Groundcover,Dichondra,Black,repens,Kidney weed,350,ANC,0.1,0.1,1,2,Sandy/Loam/Clay,Winter,Insignificant,Sensitive,Dichondra repens,Sensitive,p213,https://upload.wikimedia.org/wikipedia/commons/f/fa/Dichondra_repens_Eastwood.jpg
Groundcover,Einadia,Black,nutans,Nodding saltbush,300,ANC,0.5,0.5,1,1,Sandy/Loam/Clay/Limestone,Spring,Insignificant,Resistant,Einadia nutans,Sensitive,p215,https://upload.wikimedia.org/wikipedia/commons/5/5a/Einadia_nutans.jpg
Groundcover,Goodenia,Green,blackiana,Goodenia,500,ANC,0.1,0.2,0.2,0.5,Sandy/Loam/Clay,Spring,Yellow,Moderatly Sensitive,Goodenia blackiana,Sensitive,p216,https://upload.wikimedia.org/wikipedia/commons/7/70/Goodenia_paniculata_Cape_Byron.JPG
Groundcover,Goodenia,Green,varia,Sticky goodenia,350,ANC,0.1,0.6,0.5,1.5,Sandy/Loam/Clay/Limestone,Winter/Spring,Yellow,Moderatly Sensitive,Goodenia varia,Sensitive,p217,https://upload.wikimedia.org/wikipedia/commons/f/fe/Goodenia_ovata.jpg
Groundcover,Halgania,Green,cyanea,Mallee blue flower,350,ANC,0.3,0.8,0.5,1.5,Sandy/Loam/Limestone,Spring,Blue,Resistant,Halgania cyanea,Sensitive,p218,https://upload.wikimedia.org/wikipedia/commons/2/28/Halgania_cyanea_Allambi-Stn.jpg
Groundcover,Helichrysum,Green,scorpioides,Button everlasting,400,AN/C,0.2,0.5,0.2,0.3,Sandy/Loam/Clay,Winter/Spring,Yellow,Resistant,Helichrysum scorpioides,Sensitive,p219,https://upload.wikimedia.org/wikipedia/commons/7/71/CoroscorpGRNP.JPG
Groundcover,Hibbertia,Green,obtusifolia,Showy guinea flower,500,AN,0.1,0.1,0.2,1,Sandy/Loam,Spring,Yellow,Moderatly Sensitive,Hibbertia obtusifolia,Sensitive,p220,https://upload.wikimedia.org/wikipedia/commons/7/7e/Hibbertia_obtusifolia_1.jpg
Groundcover,Hibbertia,Green,riparia,Erect guinea flower,400,AN,0.1,0.5,0.3,0.8,Sandy/Loam/Clay,Spring,Yellow,Moderatly Sensitive,Hibbertia riparia,Sensitive,p221,https://upload.wikimedia.org/wikipedia/commons/b/ba/Hibbertia_riparia_%2832541402991%29.jpg
Groundcover,Kennedia,Black,prostrata,Running postman,450,ANC,0.1,0.1,1.5,4,Sandy/Loam/Clay,Winter/Spring,Red,Moderatly Sensitive,Kennedia prostrata,Sensitive,p222,https://upload.wikimedia.org/wikipedia/commons/7/72/Kennedia_prostrata_01_gnangarra.JPG
Groundcover,Kunzea,Green,pomifera,Muntries,500,ANC,0.2,0.2,2,4,Sandy/Loam/Limestone,Winter,Cream,Moderatly Sensitive,Kunzea pomifera,Sensitive,p223,https://upload.wikimedia.org/wikipedia/commons/f/f0/Kunzea_pomifera_flowers.jpg
Groundcover,Pratia,Green,pedunculata,Trailing pratia,500,ANC,0.1,0.1,0.4,2,Sandy/Loam/Clay,Spring,Blue,Moderatly Sensitive,Pratia pedunculata,Sensitive,p225,https://upload.wikimedia.org/wikipedia/commons/7/73/Pratia_pedunculata_2.JPG
Groundcover,Pultenaea,Green,pedunculata,Matted bush-pea,500,AN/C,0.1,0.1,1,3,Sandy/Loam/Clay,Winter/Spring,Orange,Moderatly Sensitive,Pultenaea pedunculata,Sensitive,p226,https://upload.wikimedia.org/wikipedia/commons/c/ce/Pultenaea_pedunculata.jpg
Groundcover,Rhagodia,Black,spinescens,Creeping saltbush,300,ANC,0.5,0.5,2,3,Sandy/Loam/Clay/Limestone,Winter/Autumn,Insignificant,Resistant,Rhagodia spinescens,Sensitive,p227,https://upload.wikimedia.org/wikipedia/commons/7/7d/Rhagodia_spinescens_1.jpg
Groundcover,Scaevola,Green,aemula,Fairy fan flower,500,AN/C,0.3,0.5,0.3,1,Sandy/Loam/Clay,Frequent,Pink,Moderatly Sensitive,Scaevola aemula,Sensitive,p228,https://upload.wikimedia.org/wikipedia/commons/3/3e/Scaevola_aemula_Botanical_Garden_Heidelberg.JPG
Groundcover,Scaevola,Green,albida,Small fruited fan flower,500,AN/C,0.3,0.6,0.6,1,Sandy/Loam/Clay,Frequent,White,Resistant,Scaevola albida,Sensitive,p229,https://upload.wikimedia.org/wikipedia/commons/f/fd/Scaevola_albida.JPG
Groundcover,Scaevola,Green,calendulacea,Dune fan flower,500,ANC,0.4,0.4,1,1,Sandy/Loam,Frequent,Blue,Moderatly Sensitive,Scaevola calendulacea,Resistant,p230,https://upload.wikimedia.org/wikipedia/commons/5/5e/Scaevola_calendulacea_Narrabeen.jpg
Groundcover,Scaevola,Green,hookeri,Alpine fan flower,500,AN,0.1,0.2,1,1.5,Loam/Clay,Frequent,White,Moderatly Sensitive,Scaevola hookeri,Resistant,p231,https://upload.wikimedia.org/wikipedia/commons/7/70/Scaevola_hookeri.jpg
Groundcover,Viola,Green,hederacea,Native violet,600,ANC,0.2,0.2,1,4,Loam/Clay,Frequent,White,Resistant,Viola hederacea,Moderately resistant,p232,https://upload.wikimedia.org/wikipedia/commons/3/3a/Viola_banksii.jpg
Climbers,Muehlenbeckia,Black,adpressa,Climbing lignum,500,ANC,3,4,3,4,Sandy/Loam,Spring,Green,Moderatly Sensitive,Muehlenbeckia adpressa,Sensitive,p234,https://upload.wikimedia.org/wikipedia/commons/b/bb/Muehlenbeckia_adpressa_Loch_Ard.jpg
Grasses,Aristida,Black,behriana,Brush wiregrass,300,ANC,0.15,0.3,0.2,0.3,Sandy/Loam/Clay,Spring/Autumn,Cream,Resistant,Aristida behriana,Sensitive,p235,https://upload.wikimedia.org/wikipedia/commons/8/8d/Aristida_behriana.jpg
Grasses,Bothriochloa,Black,macra,Red-leg grass,300,ANC,0.4,0.8,0.4,0.8,Sandy/Loam/Clay/Limestone,Frequent,Brown,Resistant,Bothriochloa macra,Sensitive,p243,https://upload.wikimedia.org/wikipedia/commons/thumb/9/93/Bothriochloa_pertusa_habit.jpg/330px-Bothriochloa_pertusa_habit.jpg
Grasses,Chloris,Black,truncata,Windmill grass,350,ANC,0.3,0.5,0.2,0.5,Sandy/Loam/Clay,Spring,Brown,Moderatly Sensitive,Chloris truncata,Sensitive,p244,https://upload.wikimedia.org/wikipedia/commons/e/e7/Chloris_truncata_plant11_%287762917866%29.jpg
Grasses,Dichanthium,Black,sericeum,Silky blue grass,300,ANC,0.3,0.8,0.2,0.4,Sandy/Loam/Clay,Winter/Spring,Brown,Resistant,Dichanthium sericeum,Sensitive,p245,https://upload.wikimedia.org/wikipedia/commons/6/60/Dichanthium_sericeum_var_sericeum_flowers.jpg
Grasses,Distichlis,Black,distichophylla,Emu-grass,350,ANC,0.4,0.4,1,2,Sandy/Loam/Clay,Spring/Summer,Brown,Resistant,Distichlis distichophylla,Sensitive,p246,https://upload.wikimedia.org/wikipedia/commons/f/f2/Starr_071227-1052_Distichlis_spicata.jpg
Grasses,Enneapogon,Black,nigricans,Bottle washers,350,ANC,0.2,0.5,0.5,0.5,Sandy/Loam/Clay,Spring/Summer,Brown,Resistant,Enneapogon nigricans,Sensitive,p248,https://upload.wikimedia.org/wikipedia/commons/0/08/Enneapogon_nigricans_flowerhead1_%288041588705%29.jpg
Grasses,Poa,Black,labillardieri,Tussock grass,400,ANC,0.3,1,0.3,0.7,Sandy/Loam/Clay,Spring,Green,Resistant,Poa labillardieri,Sensitive,p250,https://upload.wikimedia.org/wikipedia/commons/7/77/Poa_annua.jpg
Grasses,Poa,Black,poiformis,Blue tussock grass,350,ANC,0.6,1.2,0.5,1.5,Sandy/Loam/Clay,Spring,Cream,Resistant,Poa poiformis,Sensitive,p251,https://upload.wikimedia.org/wikipedia/commons/7/77/Poa_annua.jpg
Grasses,Poa,Black,sieberiana,Grey tussock grass,500,ANC,0.3,0.8,0.3,0.8,Sandy/Loam/Clay,Spring,Green,Moderatly Sensitive,Poa sieberiana,Sensitive,p252,https://upload.wikimedia.org/wikipedia/commons/d/dc/Poa_sieberiana.jpg
Grasses,Themeda,Black,triandra,Kangaroo grass,450,ANC,0.4,1,0.5,0.5,Sandy/Loam/Clay,Frequent,Brown,Resistant,Themeda triandra,Sensitive,p253,https://upload.wikimedia.org/wikipedia/commons/5/53/Themeda_triandra_-_kangaroo_grass.jpg
Grasses,Triodia,Black,scariosa,Porcupine grass,300,ANC,0.6,0.6,1,1,Sandy/Loam,Winter/Spring,Green,Moderatly Sensitive,Triodia scariosa,Sensitive,p254,https://upload.wikimedia.org/wikipedia/commons/7/7b/Triodia_scariosa%2C_spinifex_country%2C_Yelarbon_IMG_20190607_121910.jpg
Other Strap-leaved Plants,Dianella,Black,longifolia,Smooth flax-lily,400,ANC,0.5,0.8,0.5,1,Sandy/Loam/Clay,Spring/Summer,Blue,Resistant,Dianella longifolia,Moderately resistant,p255,https://upload.wikimedia.org/wikipedia/commons/3/39/Dianella_tasmanica_01_Pengo.jpg
Other Strap-leaved Plants,Dianella,Black,revoluta,Black anther flax-lily,400,ANC,0.3,1,0.5,2,Sandy/Loam/Clay/Limestone,Spring,Blue,Resistant,Dianella revoluta,Moderately resistant,p256,https://upload.wikimedia.org/wikipedia/commons/0/05/Dianella_revoluta.jpg
Other Strap-leaved Plants,Dianella,Black,tasmanica,Tasman flax-lily,650,AN,0.6,1.7,0.5,2,Sandy/Loam/Clay,Spring/Summer,Blue,Moderatly Sensitive,Dianella tasmanica,Moderately resistant,p257,https://upload.wikimedia.org/wikipedia/commons/3/39/Dianella_tasmanica_01_Pengo.jpg
Other Strap-leaved Plants,Diplarrena,Black,moraea,Butterfly flag,550,ANC,0.3,0.6,0.5,1,Sandy/Loam/Clay,Spring/Summer,White,Resistant,Diplarrena moraea,Sensitive,p258,https://upload.wikimedia.org/wikipedia/commons/b/b2/Diplarrena_moraea.jpg
Other Strap-leaved Plants,Lomandra,Black,effusa,Scented mat-rush,400,ANC,0.2,0.5,0.2,0.5,Sandy/Loam,Winter/Spring,Cream,Moderatly Sensitive,Lomandra effusa,Sensitive,p259,https://upload.wikimedia.org/wikipedia/commons/9/93/Lomadra_hystrix_inflorescence.jpg
Other Strap-leaved Plants,Lomandra,Black,longifolia,Spiny headed mat-rush,500,ANC,0.5,1,0.5,1,Sandy/Loam/Clay,Spring,Cream,Resistant,Lomandra longifolia,Sensitive,p260,https://upload.wikimedia.org/wikipedia/commons/5/54/Lomandra_longifolia_Cairns.JPG
Other Strap-leaved Plants,Orthrosanthus,Black,multiflorus,Morning iris,450,ANC,0.3,0.6,0.4,1,Sandy/Loam/Clay,Spring,Blue,Moderatly Sensitive,Orthrosanthus multiflorus,Sensitive,p262,https://upload.wikimedia.org/wikipedia/commons/f/f6/Orthrosanthus_laxus_01_gnangarra.JPG
Other Strap-leaved Plants,Patersonia,Black,occidentalis,Long purple flag,500,AN,0.5,0.5,0.5,0.5,Loam/Clay,Spring,Purple,Moderatly Sensitive,Patersonia occidentalis,Sensitive,p263,https://upload.wikimedia.org/wikipedia/commons/b/bb/Cathedral_Rock_NP_%2815%29.JPG
Other Strap-leaved Plants,Xanthorrhoea,Black,australis,Austral grass tree,500,ANC,0.5,2,0.6,1,Sandy/Loam/Clay,Winter/Spring/Summer,White,Resistant,Xanthorrhoea australis,Sensitive,p264,https://upload.wikimedia.org/wikipedia/commons/c/cc/Xanthorrhoea_australis_%28Grass_Tree%29_-_Steiglitz%2C_Victoria_Australia_%284804372312%29.jpg
Bulbs and Lilies,Arthropodium,Black,strictum,Vanilla lily,400,ANC,0.4,0.4,0.4,0.4,Sandy/Loam/Clay,Spring,Plum,Moderatly Sensitive,Arthropodium strictum,Sensitive,p265,https://upload.wikimedia.org/wikipedia/commons/6/6c/Arthropodium_strictum_%2824702775550%29.jpg
Bulbs and Lilies,Bulbine,Black,bulbosa,Native leek,500,ANC,0.3,0.3,0.3,0.3,Sandy/Loam/Clay,Spring,Yellow,Moderatly Sensitive,Bulbine bulbosa,Sensitive,p266,https://upload.wikimedia.org/wikipedia/commons/c/c0/Bulbine_bulbosa_plants.jpg
Bulbs and Lilies,Burchardia,Black,umbellata,Milkmaids,500,ANC,0.3,0.3,0.2,0.2,Sandy/Loam/Clay,Spring,White,Moderatly Sensitive,Burchardia umbellata,Sensitive,p267,https://upload.wikimedia.org/wikipedia/commons/8/82/Burchardia_umbellata.jpg
Bulbs and Lilies,Calostemma,Black,purpureum,Purple bells,400,ANC,0.2,0.5,0.2,0.2,Sandy/Loam/Clay,Autumn,Pink,Moderatly Sensitive,Calostemma purpureum,Sensitive,p268,https://upload.wikimedia.org/wikipedia/commons/1/15/Calostemma_purpureum_-_Basel_-_2.jpg
Aquatic and Riparian Zone Plants,Centella,Green,asiatica,Pennywort,500,ANC,0.1,0.4,0.5,1,Sandy/Loam/Clay,Spring,Insignificant,Sensitive,Centella asiatica,Sensitive,p269,https://upload.wikimedia.org/wikipedia/commons/6/6c/Centella_asiatica_in_Karnataka.jpg
Aquatic and Riparian Zone Plants,Mazus,Green,pumilio,Swamp mazus,600,ANC,0.1,0.1,1,1,Sandy/Loam/Clay,Spring/Summer,Plum,Moderatly Sensitive,Mazus pumilio,Sensitive,p271,https://upload.wikimedia.org/wikipedia/commons/d/d4/Mazus_pumilio_with_flower.jpg
Aquatic and Riparian Zone Plants,Mentha,Green,australis,River mint,600,AN,0.3,0.8,0.3,1.5,Sandy/Loam/Clay,Spring,White,Moderatly Sensitive,Mentha australis,Sensitive,p272,https://upload.wikimedia.org/wikipedia/commons/2/2f/Mint_2014-06-01_00-53.jpg
Aquatic and Riparian Zone Plants,Mimulus,Green,repens,Creeping monkey flower,500,ANC,0.2,0.2,1,2,Sandy/Loam/Clay,Spring/Summer,Plum,Moderatly Sensitive,Mimulus repens,Sensitive,p273,https://upload.wikimedia.org/wikipedia/commons/a/a3/Mimulus_repens_R.Br._%28AM_AK300914-3%29.jpg
Rushes and Sedges,Carex,Black,appressa,Tall sedge,400,ANC,1,1,0.5,1,Sandy/Loam/Clay,Spring/Summer,Brown,Resistant,Carex appressa,Sensitive,p274,https://upload.wikimedia.org/wikipedia/commons/e/e1/Carex_appressa_%283438025070%29.jpg
Rushes and Sedges,Cyperus,Black,exaltatus,Tall flat sedge,600,ANC,0.3,1,0.3,1,Sandy/Loam/Clay,Frequent,Brown,Resistant,Cyperus exaltatus,Sensitive,p275,https://upload.wikimedia.org/wikipedia/commons/a/ac/Nutgrass_Cyperus_rotundus02.jpg
Rushes and Sedges,Cyperus,Black,gymnocaulos,Spiny flat sedge,400,ANC,0.2,0.7,0.5,1,Sandy/Loam/Clay,Winter/Spring/Summer,Brown,Resistant,Cyperus gymnocaulos,Sensitive,p276,https://upload.wikimedia.org/wikipedia/commons/7/7a/Cyperus_difformis_%283215357452%29.jpg
Rushes and Sedges,Cyperus,Black,vaginatus,Flat sedge,400,ANC,0.3,1.5,0.5,1,Sandy/Loam/Clay,Spring/Autumn/Summer,Brown,Resistant,Cyperus vaginatus,Sensitive,p277,https://upload.wikimedia.org/wikipedia/commons/7/7d/Cyperus_vaginatus.jpg
Rushes and Sedges,Gahnia,Black,filum,Chaffy saw sedge,550,AN/C,1,1.5,1,1.5,Sandy/Loam,Frequent,Blue,Resistant,Gahnia filum,Sensitive,p279,https://upload.wikimedia.org/wikipedia/commons/8/8b/Gahnia_filum.jpg
Rushes and Sedges,Juncus,Black,kraussii,Sea rush,450,ANC,0.5,1,0.5,1,Sandy/Loam/Clay,Frequent,Brown,Resistant,Juncus kraussii,Sensitive,p280,https://upload.wikimedia.org/wikipedia/commons/a/ac/Juncus_kraussii_subsp._australiensis_11.JPG
Rushes and Sedges,Juncus,Black,pallidus,Pale rush,500,ANC,0.5,2,0.5,2,Sandy/Loam/Clay,Spring/Summer,Brown,Resistant,Juncus pallidus,Sensitive,p281,https://upload.wikimedia.org/wikipedia/commons/a/a5/Juncus_pallidus_-_McConnell_Arboretum_%26_Botanical_Gardens_-_DSC03006.JPG
